event_id,trip_id,timestamp,speed_kmh,gps_lat,gps_lon,accel_score,audio_score,combined_score,severity,accel_event_type,audio_event_type,both_signals_fired,driver_explanation
EVT001,TRIP001,2024-02-06 06:04:52,,,,0.0,0.85,0.297,low,none,cabin_argument,False,"an argument inside the cabin detected. Minor event, logged for records. Motion: 0% · Noise: 85% · Stress: 30%."
EVT002,TRIP001,2024-02-06 06:08:55,,,,0.0,0.127,0.044,low,none,loud_cabin,False,"unusually loud cabin noise detected. Minor event, logged for records. Motion: 0% · Noise: 13% · Stress: 4%."
EVT003,TRIP001,2024-02-06 06:10:11,,,,0.0,0.56,0.196,low,none,loud_cabin,False,"unusually loud cabin noise detected. Minor event, logged for records. Motion: 0% · Noise: 56% · Stress: 20%."
EVT004,TRIP001,2024-02-06 06:13:48,39.0,12.8335,77.5164,0.436,0.85,0.697,high,sharp_turn,cabin_argument,True,a sharp turn or swerve and an argument inside the cabin both detected simultaneously. High-severity event. Motion: 44% · Noise: 85% · Stress: 70%.
EVT005,TRIP001,2024-02-06 06:15:03,,,,0.0,0.15,0.052,low,none,none,False,"Minor event. Minor event, logged for records. Motion: 0% · Noise: 15% · Stress: 5%."
EVT006,TRIP001,2024-02-06 06:15:42,54.0,12.8269,77.5272,0.489,0.85,0.738,high,sharp_turn,cabin_argument,True,a sharp turn or swerve and an argument inside the cabin both detected simultaneously. High-severity event. Motion: 49% · Noise: 85% · Stress: 74%.
EVT007,TRIP001,2024-02-06 06:19:49,27.0,19.2009,72.6205,0.468,0.85,0.722,high,sharp_turn,cabin_argument,True,a sharp turn or swerve and an argument inside the cabin both detected simultaneously. High-severity event. Motion: 47% · Noise: 85% · Stress: 72%.
EVT008,TRIP001,2024-02-06 06:20:22,,,,0.0,0.088,0.031,low,none,elevated_noise,False,"elevated cabin noise detected. Minor event, logged for records. Motion: 0% · Noise: 9% · Stress: 3%."
EVT009,TRIP001,2024-02-06 06:25:06,,,,0.0,0.15,0.052,low,none,none,False,"Minor event. Minor event, logged for records. Motion: 0% · Noise: 15% · Stress: 5%."
EVT010,TRIP002,2024-02-06 06:02:43,29.0,28.6464,77.2369,0.494,0.85,0.742,high,sharp_turn,cabin_argument,True,a sharp turn or swerve and an argument inside the cabin both detected simultaneously. High-severity event. Motion: 49% · Noise: 85% · Stress: 74%.
EVT011,TRIP002,2024-02-06 06:04:40,,,,0.0,0.139,0.049,low,none,loud_cabin,False,"unusually loud cabin noise detected. Minor event, logged for records. Motion: 0% · Noise: 14% · Stress: 5%."
EVT012,TRIP002,2024-02-06 06:08:00,42.0,12.8598,77.4939,0.428,0.85,0.691,high,sharp_turn,cabin_argument,True,a sharp turn or swerve and an argument inside the cabin both detected simultaneously. High-severity event. Motion: 43% · Noise: 85% · Stress: 69%.
EVT013,TRIP002,2024-02-06 06:22:00,32.0,19.1805,72.6215,0.494,0.85,0.742,high,sharp_turn,cabin_argument,True,a sharp turn or swerve and an argument inside the cabin both detected simultaneously. High-severity event. Motion: 49% · Noise: 85% · Stress: 74%.
EVT014,TRIP002,2024-02-06 06:27:37,,,,0.0,0.15,0.052,low,none,loud_cabin,False,"unusually loud cabin noise detected. Minor event, logged for records. Motion: 0% · Noise: 15% · Stress: 5%."
EVT015,TRIP002,2024-02-06 07:16:00,,,,0.0,0.025,0.009,low,none,none,False,"Minor event. Minor event, logged for records. Motion: 0% · Noise: 2% · Stress: 1%."
EVT016,TRIP002,2024-02-06 07:18:00,,,,0.0,0.025,0.009,low,none,none,False,"Minor event. Minor event, logged for records. Motion: 0% · Noise: 2% · Stress: 1%."
EVT017,TRIP002,2024-02-06 07:20:00,,,,0.0,0.15,0.052,low,none,elevated_noise,False,"elevated cabin noise detected. Minor event, logged for records. Motion: 0% · Noise: 15% · Stress: 5%."
EVT018,TRIP002,2024-02-06 07:22:00,28.0,19.0123,72.8889,0.65,0.85,0.864,high,sharp_turn,cabin_argument,True,a sharp turn or swerve and an argument inside the cabin both detected simultaneously. High-severity event. Motion: 65% · Noise: 85% · Stress: 86%.
EVT019,TRIP002,2024-02-06 07:22:30,12.0,19.0098,72.8912,0.7,0.85,0.903,high,sharp_turn,cabin_argument,True,a sharp turn or swerve and an argument inside the cabin both detected simultaneously. High-severity event. Motion: 70% · Noise: 85% · Stress: 90%.
EVT020,TRIP002,2024-02-06 07:23:00,5.0,19.0078,72.8934,0.75,0.85,0.942,high,sharp_turn,cabin_argument,True,a sharp turn or swerve and an argument inside the cabin both detected simultaneously. High-severity event. Motion: 75% · Noise: 85% · Stress: 94%.
EVT021,TRIP002,2024-02-06 07:23:30,18.0,19.0056,72.8956,0.65,0.85,0.864,high,sharp_turn,cabin_argument,True,a sharp turn or swerve and an argument inside the cabin both detected simultaneously. High-severity event. Motion: 65% · Noise: 85% · Stress: 86%.
EVT022,TRIP002,2024-02-06 07:24:00,32.0,19.0034,72.8978,0.402,0.85,0.671,high,sharp_turn,cabin_argument,True,a sharp turn or swerve and an argument inside the cabin both detected simultaneously. High-severity event. Motion: 40% · Noise: 85% · Stress: 67%.
EVT023,TRIP002,2024-02-06 07:24:30,,,,0.0,0.15,0.052,low,none,loud_cabin,False,"unusually loud cabin noise detected. Minor event, logged for records. Motion: 0% · Noise: 15% · Stress: 5%."
EVT024,TRIP002,2024-02-06 07:25:00,,,,0.0,0.15,0.052,low,none,elevated_noise,False,"elevated cabin noise detected. Minor event, logged for records. Motion: 0% · Noise: 15% · Stress: 5%."
EVT025,TRIP002,2024-02-06 07:26:00,,,,0.0,0.025,0.009,low,none,none,False,"Minor event. Minor event, logged for records. Motion: 0% · Noise: 2% · Stress: 1%."
EVT026,TRIP002,2024-02-06 07:30:00,,,,0.0,0.025,0.009,low,none,none,False,"Minor event. Minor event, logged for records. Motion: 0% · Noise: 2% · Stress: 1%."
EVT027,TRIP002,2024-02-06 07:37:30,15.0,18.9812,72.8234,0.329,0.85,0.614,medium,sharp_turn,cabin_argument,True,a sharp turn or swerve and an argument inside the cabin both detected simultaneously. Moderate event. Motion: 33% · Noise: 85% · Stress: 61%.
EVT028,TRIP003,2024-02-06 06:01:33,,,,0.0,0.635,0.222,low,none,loud_cabin,False,"unusually loud cabin noise detected. Minor event, logged for records. Motion: 0% · Noise: 64% · Stress: 22%."
EVT029,TRIP003,2024-02-06 06:10:33,,,,0.0,0.85,0.297,low,none,cabin_argument,False,"an argument inside the cabin detected. Minor event, logged for records. Motion: 0% · Noise: 85% · Stress: 30%."
EVT030,TRIP003,2024-02-06 06:11:11,,,,0.0,0.13,0.045,low,none,loud_cabin,False,"unusually loud cabin noise detected. Minor event, logged for records. Motion: 0% · Noise: 13% · Stress: 4%."
EVT031,TRIP003,2024-02-06 06:13:40,,,,0.0,0.13,0.045,low,none,loud_cabin,False,"unusually loud cabin noise detected. Minor event, logged for records. Motion: 0% · Noise: 13% · Stress: 4%."
EVT032,TRIP003,2024-02-06 06:14:41,,,,0.0,0.118,0.041,low,none,loud_cabin,False,"unusually loud cabin noise detected. Minor event, logged for records. Motion: 0% · Noise: 12% · Stress: 4%."
EVT033,TRIP003,2024-02-06 06:17:09,,,,0.0,0.127,0.044,low,none,loud_cabin,False,"unusually loud cabin noise detected. Minor event, logged for records. Motion: 0% · Noise: 13% · Stress: 4%."
EVT034,TRIP003,2024-02-06 06:22:54,,,,0.0,0.15,0.052,low,none,loud_cabin,False,"unusually loud cabin noise detected. Minor event, logged for records. Motion: 0% · Noise: 15% · Stress: 5%."
EVT035,TRIP003,2024-02-06 06:27:39,,,,0.0,0.133,0.047,low,none,loud_cabin,False,"unusually loud cabin noise detected. Minor event, logged for records. Motion: 0% · Noise: 13% · Stress: 5%."
EVT036,TRIP003,2024-02-06 08:05:00,,,,0.0,0.025,0.009,low,none,none,False,"Minor event. Minor event, logged for records. Motion: 0% · Noise: 2% · Stress: 1%."
EVT037,TRIP004,2024-02-06 06:04:31,23.0,19.1873,72.6302,0.533,0.85,0.773,high,sharp_turn,cabin_argument,True,a sharp turn or swerve and an argument inside the cabin both detected simultaneously. High-severity event. Motion: 53% · Noise: 85% · Stress: 77%.
EVT038,TRIP004,2024-02-06 06:09:07,,,,0.0,0.076,0.027,low,none,elevated_noise,False,"elevated cabin noise detected. Minor event, logged for records. Motion: 0% · Noise: 8% · Stress: 3%."
EVT039,TRIP004,2024-02-06 06:10:53,,,,0.0,0.15,0.052,low,none,none,False,"Minor event. Minor event, logged for records. Motion: 0% · Noise: 15% · Stress: 5%."
EVT040,TRIP004,2024-02-06 06:14:06,,,,0.0,0.85,0.297,low,none,cabin_argument,False,"an argument inside the cabin detected. Minor event, logged for records. Motion: 0% · Noise: 85% · Stress: 30%."
EVT041,TRIP004,2024-02-06 06:15:56,41.0,28.6545,77.2423,0.406,0.85,0.674,high,sharp_turn,cabin_argument,True,a sharp turn or swerve and an argument inside the cabin both detected simultaneously. High-severity event. Motion: 41% · Noise: 85% · Stress: 67%.
EVT042,TRIP004,2024-02-06 06:18:17,47.0,28.645,77.2301,0.514,0.85,0.758,high,sharp_turn,cabin_argument,True,a sharp turn or swerve and an argument inside the cabin both detected simultaneously. High-severity event. Motion: 51% · Noise: 85% · Stress: 76%.
EVT043,TRIP004,2024-02-06 06:23:13,,,,0.0,0.85,0.297,low,none,cabin_argument,False,"an argument inside the cabin detected. Minor event, logged for records. Motion: 0% · Noise: 85% · Stress: 30%."
EVT044,TRIP005,2024-02-06 06:03:18,,,,0.0,0.025,0.009,low,none,none,False,"Minor event. Minor event, logged for records. Motion: 0% · Noise: 2% · Stress: 1%."
EVT045,TRIP005,2024-02-06 06:03:18,,,,0.0,0.058,0.02,low,none,elevated_noise,False,"elevated cabin noise detected. Minor event, logged for records. Motion: 0% · Noise: 6% · Stress: 2%."
EVT046,TRIP005,2024-02-06 06:10:49,,,,0.0,0.127,0.044,low,none,loud_cabin,False,"unusually loud cabin noise detected. Minor event, logged for records. Motion: 0% · Noise: 13% · Stress: 4%."
EVT047,TRIP005,2024-02-06 06:14:05,,,,0.0,0.136,0.048,low,none,loud_cabin,False,"unusually loud cabin noise detected. Minor event, logged for records. Motion: 0% · Noise: 14% · Stress: 5%."
EVT048,TRIP005,2024-02-06 06:16:19,,,,0.0,0.15,0.052,low,none,none,False,"Minor event. Minor event, logged for records. Motion: 0% · Noise: 15% · Stress: 5%."
EVT049,TRIP005,2024-02-06 06:17:19,2.0,19.1776,72.6415,0.45,0.85,0.708,high,sharp_turn,cabin_argument,True,a sharp turn or swerve and an argument inside the cabin both detected simultaneously. High-severity event. Motion: 45% · Noise: 85% · Stress: 71%.
EVT050,TRIP005,2024-02-06 06:19:15,23.0,19.1708,72.6368,0.47,0.85,0.724,high,sharp_turn,cabin_argument,True,a sharp turn or swerve and an argument inside the cabin both detected simultaneously. High-severity event. Motion: 47% · Noise: 85% · Stress: 72%.
EVT051,TRIP005,2024-02-06 06:20:41,,,,0.0,0.1,0.035,low,none,loud_cabin,False,"unusually loud cabin noise detected. Minor event, logged for records. Motion: 0% · Noise: 10% · Stress: 4%."
EVT052,TRIP005,2024-02-06 06:21:20,,,,0.0,0.55,0.193,low,none,none,False,"Minor event. Minor event, logged for records. Motion: 0% · Noise: 55% · Stress: 19%."
EVT053,TRIP005,2024-02-06 06:22:18,,,,0.0,0.04,0.014,low,none,elevated_noise,False,"elevated cabin noise detected. Minor event, logged for records. Motion: 0% · Noise: 4% · Stress: 1%."
EVT054,TRIP005,2024-02-06 06:25:57,,,,0.0,0.55,0.193,low,none,elevated_noise,False,"elevated cabin noise detected. Minor event, logged for records. Motion: 0% · Noise: 55% · Stress: 19%."
EVT055,TRIP005,2024-02-06 06:29:58,,,,0.0,0.85,0.297,low,none,cabin_argument,False,"an argument inside the cabin detected. Minor event, logged for records. Motion: 0% · Noise: 85% · Stress: 30%."
EVT056,TRIP006,2024-02-06 06:04:47,,,,0.0,0.088,0.031,low,none,elevated_noise,False,"elevated cabin noise detected. Minor event, logged for records. Motion: 0% · Noise: 9% · Stress: 3%."
EVT057,TRIP006,2024-02-06 06:11:00,,,,0.0,0.139,0.049,low,none,loud_cabin,False,"unusually loud cabin noise detected. Minor event, logged for records. Motion: 0% · Noise: 14% · Stress: 5%."
EVT058,TRIP006,2024-02-06 06:15:00,,,,0.0,0.15,0.052,low,none,elevated_noise,False,"elevated cabin noise detected. Minor event, logged for records. Motion: 0% · Noise: 15% · Stress: 5%."
EVT059,TRIP006,2024-02-06 06:17:53,,,,0.0,0.85,0.297,low,none,cabin_argument,False,"an argument inside the cabin detected. Minor event, logged for records. Motion: 0% · Noise: 85% · Stress: 30%."
EVT060,TRIP006,2024-02-06 06:18:20,,,,0.0,0.55,0.193,low,none,elevated_noise,False,"elevated cabin noise detected. Minor event, logged for records. Motion: 0% · Noise: 55% · Stress: 19%."
EVT061,TRIP006,2024-02-06 06:20:51,,,,0.0,0.15,0.052,low,none,loud_cabin,False,"unusually loud cabin noise detected. Minor event, logged for records. Motion: 0% · Noise: 15% · Stress: 5%."
EVT062,TRIP006,2024-02-06 06:23:32,,,,0.0,0.076,0.027,low,none,elevated_noise,False,"elevated cabin noise detected. Minor event, logged for records. Motion: 0% · Noise: 8% · Stress: 3%."
EVT063,TRIP006,2024-02-06 06:24:57,,,,0.0,0.85,0.297,low,none,cabin_argument,False,"an argument inside the cabin detected. Minor event, logged for records. Motion: 0% · Noise: 85% · Stress: 30%."
EVT064,TRIP006,2024-02-06 06:26:12,,,,0.0,0.15,0.052,low,none,none,False,"Minor event. Minor event, logged for records. Motion: 0% · Noise: 15% · Stress: 5%."
EVT065,TRIP007,2024-02-06 06:02:17,,,,0.0,0.55,0.193,low,none,none,False,"Minor event. Minor event, logged for records. Motion: 0% · Noise: 55% · Stress: 19%."
EVT066,TRIP007,2024-02-06 06:03:07,1.0,19.2037,72.643,0.367,0.85,0.643,medium,sharp_turn,cabin_argument,True,a sharp turn or swerve and an argument inside the cabin both detected simultaneously. Moderate event. Motion: 37% · Noise: 85% · Stress: 64%.
EVT067,TRIP007,2024-02-06 06:08:24,,,,0.0,0.55,0.193,low,none,none,False,"Minor event. Minor event, logged for records. Motion: 0% · Noise: 55% · Stress: 19%."
EVT068,TRIP007,2024-02-06 06:20:53,,,,0.0,0.85,0.297,low,none,cabin_argument,False,"an argument inside the cabin detected. Minor event, logged for records. Motion: 0% · Noise: 85% · Stress: 30%."
EVT069,TRIP007,2024-02-06 06:22:10,15.0,28.6498,77.2651,0.329,0.85,0.614,medium,sharp_turn,cabin_argument,True,a sharp turn or swerve and an argument inside the cabin both detected simultaneously. Moderate event. Motion: 33% · Noise: 85% · Stress: 61%.
EVT070,TRIP007,2024-02-06 06:26:02,,,,0.0,0.15,0.052,low,none,none,False,"Minor event. Minor event, logged for records. Motion: 0% · Noise: 15% · Stress: 5%."
EVT071,TRIP008,2024-02-06 06:08:16,,,,0.0,0.85,0.297,low,none,cabin_argument,False,"an argument inside the cabin detected. Minor event, logged for records. Motion: 0% · Noise: 85% · Stress: 30%."
EVT072,TRIP008,2024-02-06 06:10:09,,,,0.0,0.85,0.297,low,none,cabin_argument,False,"an argument inside the cabin detected. Minor event, logged for records. Motion: 0% · Noise: 85% · Stress: 30%."
EVT073,TRIP008,2024-02-06 06:13:03,52.0,12.8264,77.5173,0.494,0.85,0.742,high,sharp_turn,cabin_argument,True,a sharp turn or swerve and an argument inside the cabin both detected simultaneously. High-severity event. Motion: 49% · Noise: 85% · Stress: 74%.
EVT074,TRIP008,2024-02-06 06:15:43,,,,0.0,0.04,0.014,low,none,elevated_noise,False,"elevated cabin noise detected. Minor event, logged for records. Motion: 0% · Noise: 4% · Stress: 1%."
EVT075,TRIP008,2024-02-06 06:15:44,57.0,12.8565,77.495,0.326,0.85,0.611,medium,sharp_turn,cabin_argument,True,a sharp turn or swerve and an argument inside the cabin both detected simultaneously. Moderate event. Motion: 33% · Noise: 85% · Stress: 61%.
EVT076,TRIP008,2024-02-06 06:18:15,,,,0.0,0.85,0.297,low,none,cabin_argument,False,"an argument inside the cabin detected. Minor event, logged for records. Motion: 0% · Noise: 85% · Stress: 30%."
EVT077,TRIP008,2024-02-06 06:20:27,17.0,12.8421,77.5046,0.371,0.85,0.646,medium,sharp_turn,cabin_argument,True,a sharp turn or swerve and an argument inside the cabin both detected simultaneously. Moderate event. Motion: 37% · Noise: 85% · Stress: 65%.
EVT078,TRIP008,2024-02-06 06:25:16,,,,0.0,0.15,0.052,low,none,none,False,"Minor event. Minor event, logged for records. Motion: 0% · Noise: 15% · Stress: 5%."
EVT079,TRIP008,2024-02-06 06:29:32,,,,0.0,0.025,0.009,low,none,none,False,"Minor event. Minor event, logged for records. Motion: 0% · Noise: 2% · Stress: 1%."
EVT080,TRIP008,2024-02-06 17:35:00,,,,0.0,0.025,0.009,low,none,none,False,"Minor event. Minor event, logged for records. Motion: 0% · Noise: 2% · Stress: 1%."
EVT081,TRIP008,2024-02-06 17:40:00,,,,0.0,0.025,0.009,low,none,none,False,"Minor event. Minor event, logged for records. Motion: 0% · Noise: 2% · Stress: 1%."
EVT082,TRIP008,2024-02-06 17:45:00,,,,0.0,0.025,0.009,low,none,none,False,"Minor event. Minor event, logged for records. Motion: 0% · Noise: 2% · Stress: 1%."
EVT083,TRIP009,2024-02-06 06:04:14,,,,0.0,0.15,0.052,low,none,elevated_noise,False,"elevated cabin noise detected. Minor event, logged for records. Motion: 0% · Noise: 15% · Stress: 5%."
EVT084,TRIP009,2024-02-06 06:04:41,,,,0.0,0.55,0.193,low,none,none,False,"Minor event. Minor event, logged for records. Motion: 0% · Noise: 55% · Stress: 19%."
EVT085,TRIP009,2024-02-06 06:06:26,,,,0.0,0.142,0.05,low,none,loud_cabin,False,"unusually loud cabin noise detected. Minor event, logged for records. Motion: 0% · Noise: 14% · Stress: 5%."
EVT086,TRIP009,2024-02-06 06:06:34,,,,0.0,0.025,0.009,low,none,none,False,"Minor event. Minor event, logged for records. Motion: 0% · Noise: 2% · Stress: 1%."
EVT087,TRIP009,2024-02-06 06:06:42,,,,0.0,0.62,0.217,low,none,loud_cabin,False,"unusually loud cabin noise detected. Minor event, logged for records. Motion: 0% · Noise: 62% · Stress: 22%."
EVT088,TRIP009,2024-02-06 06:21:53,21.0,19.2044,72.6212,0.322,0.85,0.608,medium,sharp_turn,cabin_argument,True,a sharp turn or swerve and an argument inside the cabin both detected simultaneously. Moderate event. Motion: 32% · Noise: 85% · Stress: 61%.
EVT089,TRIP009,2024-02-06 06:26:27,,,,0.0,0.85,0.297,low,none,cabin_argument,False,"an argument inside the cabin detected. Minor event, logged for records. Motion: 0% · Noise: 85% · Stress: 30%."
EVT090,TRIP010,2024-02-06 06:01:26,,,,0.0,0.85,0.297,low,none,cabin_argument,False,"an argument inside the cabin detected. Minor event, logged for records. Motion: 0% · Noise: 85% · Stress: 30%."
EVT091,TRIP010,2024-02-06 06:03:21,10.0,19.1956,72.6274,0.421,0.85,0.685,high,sharp_turn,cabin_argument,True,a sharp turn or swerve and an argument inside the cabin both detected simultaneously. High-severity event. Motion: 42% · Noise: 85% · Stress: 68%.
EVT092,TRIP010,2024-02-06 06:04:09,,,,0.0,0.85,0.297,low,none,cabin_argument,False,"an argument inside the cabin detected. Minor event, logged for records. Motion: 0% · Noise: 85% · Stress: 30%."
EVT093,TRIP010,2024-02-06 06:05:16,54.0,12.8242,77.5096,0.311,0.85,0.6,medium,sharp_turn,cabin_argument,True,a sharp turn or swerve and an argument inside the cabin both detected simultaneously. Moderate event. Motion: 31% · Noise: 85% · Stress: 60%.
EVT094,TRIP010,2024-02-06 06:07:40,7.0,28.6378,77.2417,0.562,0.85,0.795,high,sharp_turn,cabin_argument,True,a sharp turn or swerve and an argument inside the cabin both detected simultaneously. High-severity event. Motion: 56% · Noise: 85% · Stress: 80%.
EVT095,TRIP010,2024-02-06 06:10:19,0.0,19.1833,72.6317,0.433,0.85,0.695,high,sharp_turn,cabin_argument,True,a sharp turn or swerve and an argument inside the cabin both detected simultaneously. High-severity event. Motion: 43% · Noise: 85% · Stress: 70%.
EVT096,TRIP010,2024-02-06 06:13:44,42.0,28.6497,77.2417,0.373,0.85,0.648,medium,sharp_turn,cabin_argument,True,a sharp turn or swerve and an argument inside the cabin both detected simultaneously. Moderate event. Motion: 37% · Noise: 85% · Stress: 65%.
EVT097,TRIP010,2024-02-06 06:15:13,,,,0.0,0.85,0.297,low,none,cabin_argument,False,"an argument inside the cabin detected. Minor event, logged for records. Motion: 0% · Noise: 85% · Stress: 30%."
EVT098,TRIP010,2024-02-06 06:15:28,,,,0.0,0.85,0.297,low,none,cabin_argument,False,"an argument inside the cabin detected. Minor event, logged for records. Motion: 0% · Noise: 85% · Stress: 30%."
EVT099,TRIP010,2024-02-06 06:15:48,,,,0.0,0.85,0.297,low,none,cabin_argument,False,"an argument inside the cabin detected. Minor event, logged for records. Motion: 0% · Noise: 85% · Stress: 30%."
EVT100,TRIP010,2024-02-06 06:15:59,55.0,28.6721,77.2575,0.462,0.85,0.717,high,sharp_turn,cabin_argument,True,a sharp turn or swerve and an argument inside the cabin both detected simultaneously. High-severity event. Motion: 46% · Noise: 85% · Stress: 72%.
EVT101,TRIP010,2024-02-06 06:16:53,,,,0.0,0.85,0.297,low,none,cabin_argument,False,"an argument inside the cabin detected. Minor event, logged for records. Motion: 0% · Noise: 85% · Stress: 30%."
EVT102,TRIP010,2024-02-06 06:26:44,18.0,12.8479,77.5185,0.347,0.85,0.628,medium,sharp_turn,cabin_argument,True,a sharp turn or swerve and an argument inside the cabin both detected simultaneously. Moderate event. Motion: 35% · Noise: 85% · Stress: 63%.
EVT103,TRIP010,2024-02-06 19:08:00,,,,0.0,0.025,0.009,low,none,none,False,"Minor event. Minor event, logged for records. Motion: 0% · Noise: 2% · Stress: 1%."
EVT104,TRIP010,2024-02-06 19:12:00,,,,0.0,0.025,0.009,low,none,none,False,"Minor event. Minor event, logged for records. Motion: 0% · Noise: 2% · Stress: 1%."
EVT105,TRIP010,2024-02-06 19:15:00,62.0,12.8956,77.5823,0.262,0.85,0.561,medium,speeding,cabin_argument,True,speeding at 62 km/h (limit: 60) and an argument inside the cabin both detected simultaneously. Moderate event. Motion: 26% · Noise: 85% · Stress: 56%.
EVT106,TRIP010,2024-02-06 19:16:00,,,,0.0,0.15,0.052,low,none,elevated_noise,False,"elevated cabin noise detected. Minor event, logged for records. Motion: 0% · Noise: 15% · Stress: 5%."
EVT107,TRIP010,2024-02-06 19:20:00,,,,0.0,0.15,0.052,low,none,elevated_noise,False,"elevated cabin noise detected. Minor event, logged for records. Motion: 0% · Noise: 15% · Stress: 5%."
EVT108,TRIP010,2024-02-06 19:22:00,42.0,12.8712,77.5512,0.65,0.85,0.864,high,sharp_turn,cabin_argument,True,a sharp turn or swerve and an argument inside the cabin both detected simultaneously. High-severity event. Motion: 65% · Noise: 85% · Stress: 86%.
EVT109,TRIP010,2024-02-06 19:22:30,22.0,12.8689,77.5489,0.7,0.85,0.903,high,sharp_turn,cabin_argument,True,a sharp turn or swerve and an argument inside the cabin both detected simultaneously. High-severity event. Motion: 70% · Noise: 85% · Stress: 90%.
EVT110,TRIP010,2024-02-06 19:23:00,8.0,12.8667,77.5467,0.75,0.85,0.942,high,sharp_turn,cabin_argument,True,a sharp turn or swerve and an argument inside the cabin both detected simultaneously. High-severity event. Motion: 75% · Noise: 85% · Stress: 94%.
EVT111,TRIP010,2024-02-06 19:23:30,15.0,12.8645,77.5445,0.65,0.85,0.864,high,sharp_turn,cabin_argument,True,a sharp turn or swerve and an argument inside the cabin both detected simultaneously. High-severity event. Motion: 65% · Noise: 85% · Stress: 86%.
EVT112,TRIP010,2024-02-06 19:24:00,28.0,12.8623,77.5423,0.562,0.85,0.795,high,sharp_turn,cabin_argument,True,a sharp turn or swerve and an argument inside the cabin both detected simultaneously. High-severity event. Motion: 56% · Noise: 85% · Stress: 80%.
EVT113,TRIP010,2024-02-06 19:24:30,,,,0.0,0.575,0.201,low,none,loud_cabin,False,"unusually loud cabin noise detected. Minor event, logged for records. Motion: 0% · Noise: 57% · Stress: 20%."
EVT114,TRIP010,2024-02-06 19:25:00,,,,0.0,0.15,0.052,low,none,elevated_noise,False,"elevated cabin noise detected. Minor event, logged for records. Motion: 0% · Noise: 15% · Stress: 5%."
EVT115,TRIP010,2024-02-06 19:26:00,,,,0.0,0.15,0.052,low,none,elevated_noise,False,"elevated cabin noise detected. Minor event, logged for records. Motion: 0% · Noise: 15% · Stress: 5%."
EVT116,TRIP010,2024-02-06 19:28:00,,,,0.0,0.025,0.009,low,none,none,False,"Minor event. Minor event, logged for records. Motion: 0% · Noise: 2% · Stress: 1%."
EVT117,TRIP011,2024-02-06 06:09:44,,,,0.0,0.127,0.044,low,none,loud_cabin,False,"unusually loud cabin noise detected. Minor event, logged for records. Motion: 0% · Noise: 13% · Stress: 4%."
EVT118,TRIP011,2024-02-06 06:10:18,,,,0.0,0.85,0.297,low,none,cabin_argument,False,"an argument inside the cabin detected. Minor event, logged for records. Motion: 0% · Noise: 85% · Stress: 30%."
EVT119,TRIP011,2024-02-06 06:22:59,,,,0.0,0.15,0.052,low,none,none,False,"Minor event. Minor event, logged for records. Motion: 0% · Noise: 15% · Stress: 5%."
EVT120,TRIP011,2024-02-06 06:28:25,44.0,28.6559,77.2278,0.339,0.85,0.621,medium,sharp_turn,cabin_argument,True,a sharp turn or swerve and an argument inside the cabin both detected simultaneously. Moderate event. Motion: 34% · Noise: 85% · Stress: 62%.
EVT121,TRIP011,2024-02-06 06:29:09,,,,0.0,0.15,0.052,low,none,loud_cabin,False,"unusually loud cabin noise detected. Minor event, logged for records. Motion: 0% · Noise: 15% · Stress: 5%."
EVT122,TRIP011,2024-02-06 06:29:24,,,,0.0,0.139,0.049,low,none,loud_cabin,False,"unusually loud cabin noise detected. Minor event, logged for records. Motion: 0% · Noise: 14% · Stress: 5%."
EVT123,TRIP012,2024-02-06 06:11:09,34.0,28.6426,77.2617,0.359,0.85,0.637,medium,sharp_turn,cabin_argument,True,a sharp turn or swerve and an argument inside the cabin both detected simultaneously. Moderate event. Motion: 36% · Noise: 85% · Stress: 64%.
EVT124,TRIP012,2024-02-06 06:11:16,57.0,12.8228,77.5159,0.363,0.85,0.64,medium,sharp_turn,cabin_argument,True,a sharp turn or swerve and an argument inside the cabin both detected simultaneously. Moderate event. Motion: 36% · Noise: 85% · Stress: 64%.
EVT125,TRIP012,2024-02-06 06:13:03,,,,0.0,0.15,0.052,low,none,elevated_noise,False,"elevated cabin noise detected. Minor event, logged for records. Motion: 0% · Noise: 15% · Stress: 5%."
EVT126,TRIP012,2024-02-06 06:15:05,,,,0.0,0.127,0.044,low,none,loud_cabin,False,"unusually loud cabin noise detected. Minor event, logged for records. Motion: 0% · Noise: 13% · Stress: 4%."
EVT127,TRIP012,2024-02-06 06:17:30,,,,0.0,0.85,0.297,low,none,cabin_argument,False,"an argument inside the cabin detected. Minor event, logged for records. Motion: 0% · Noise: 85% · Stress: 30%."
EVT128,TRIP012,2024-02-06 06:18:06,7.0,19.1873,72.6411,0.483,0.85,0.734,high,sharp_turn,cabin_argument,True,a sharp turn or swerve and an argument inside the cabin both detected simultaneously. High-severity event. Motion: 48% · Noise: 85% · Stress: 73%.
EVT129,TRIP012,2024-02-06 06:21:08,14.0,19.1928,72.6289,0.467,0.85,0.721,high,sharp_turn,cabin_argument,True,a sharp turn or swerve and an argument inside the cabin both detected simultaneously. High-severity event. Motion: 47% · Noise: 85% · Stress: 72%.
EVT130,TRIP012,2024-02-06 06:23:54,,,,0.0,0.55,0.193,low,none,none,False,"Minor event. Minor event, logged for records. Motion: 0% · Noise: 55% · Stress: 19%."
EVT131,TRIP012,2024-02-06 06:29:25,,,,0.0,0.85,0.297,low,none,cabin_argument,False,"an argument inside the cabin detected. Minor event, logged for records. Motion: 0% · Noise: 85% · Stress: 30%."
EVT132,TRIP013,2024-02-06 06:01:44,,,,0.0,0.56,0.196,low,none,loud_cabin,False,"unusually loud cabin noise detected. Minor event, logged for records. Motion: 0% · Noise: 56% · Stress: 20%."
EVT133,TRIP013,2024-02-06 06:02:44,,,,0.0,0.85,0.297,low,none,cabin_argument,False,"an argument inside the cabin detected. Minor event, logged for records. Motion: 0% · Noise: 85% · Stress: 30%."
EVT134,TRIP013,2024-02-06 06:08:02,,,,0.0,0.076,0.027,low,none,elevated_noise,False,"elevated cabin noise detected. Minor event, logged for records. Motion: 0% · Noise: 8% · Stress: 3%."
EVT135,TRIP013,2024-02-06 06:13:28,,,,0.0,0.04,0.014,low,none,elevated_noise,False,"elevated cabin noise detected. Minor event, logged for records. Motion: 0% · Noise: 4% · Stress: 1%."
EVT136,TRIP013,2024-02-06 06:17:12,,,,0.0,0.55,0.193,low,none,elevated_noise,False,"elevated cabin noise detected. Minor event, logged for records. Motion: 0% · Noise: 55% · Stress: 19%."
EVT137,TRIP013,2024-02-06 06:19:21,,,,0.0,0.55,0.193,low,none,none,False,"Minor event. Minor event, logged for records. Motion: 0% · Noise: 55% · Stress: 19%."
EVT138,TRIP013,2024-02-06 06:21:02,,,,0.0,0.145,0.051,low,none,loud_cabin,False,"unusually loud cabin noise detected. Minor event, logged for records. Motion: 0% · Noise: 14% · Stress: 5%."
EVT139,TRIP013,2024-02-06 06:21:06,4.0,19.1879,72.6432,0.443,0.85,0.703,high,sharp_turn,cabin_argument,True,a sharp turn or swerve and an argument inside the cabin both detected simultaneously. High-severity event. Motion: 44% · Noise: 85% · Stress: 70%.
EVT140,TRIP013,2024-02-06 06:23:52,17.0,28.6517,77.2372,0.341,0.85,0.623,medium,sharp_turn,cabin_argument,True,a sharp turn or swerve and an argument inside the cabin both detected simultaneously. Moderate event. Motion: 34% · Noise: 85% · Stress: 62%.
EVT141,TRIP013,2024-02-06 06:29:29,,,,0.0,0.15,0.052,low,none,loud_cabin,False,"unusually loud cabin noise detected. Minor event, logged for records. Motion: 0% · Noise: 15% · Stress: 5%."
EVT142,TRIP014,2024-02-06 06:04:43,23.0,19.1984,72.6421,0.406,0.85,0.674,high,sharp_turn,cabin_argument,True,a sharp turn or swerve and an argument inside the cabin both detected simultaneously. High-severity event. Motion: 41% · Noise: 85% · Stress: 67%.
EVT143,TRIP014,2024-02-06 06:08:04,56.0,28.6673,77.2624,0.524,0.85,0.766,high,sharp_turn,cabin_argument,True,a sharp turn or swerve and an argument inside the cabin both detected simultaneously. High-severity event. Motion: 52% · Noise: 85% · Stress: 77%.
EVT144,TRIP014,2024-02-06 06:14:26,38.0,12.855,77.5269,0.475,0.85,0.727,high,sharp_turn,cabin_argument,True,a sharp turn or swerve and an argument inside the cabin both detected simultaneously. High-severity event. Motion: 48% · Noise: 85% · Stress: 73%.
EVT145,TRIP014,2024-02-06 06:17:07,,,,0.0,0.15,0.052,low,none,loud_cabin,False,"unusually loud cabin noise detected. Minor event, logged for records. Motion: 0% · Noise: 15% · Stress: 5%."
EVT146,TRIP014,2024-02-06 06:18:09,,,,0.0,0.052,0.018,low,none,elevated_noise,False,"elevated cabin noise detected. Minor event, logged for records. Motion: 0% · Noise: 5% · Stress: 2%."
EVT147,TRIP014,2024-02-06 06:20:35,31.0,28.6672,77.2472,0.454,0.85,0.711,high,sharp_turn,cabin_argument,True,a sharp turn or swerve and an argument inside the cabin both detected simultaneously. High-severity event. Motion: 45% · Noise: 85% · Stress: 71%.
EVT148,TRIP014,2024-02-06 06:26:42,51.0,19.1729,72.647,0.514,0.85,0.758,high,sharp_turn,cabin_argument,True,a sharp turn or swerve and an argument inside the cabin both detected simultaneously. High-severity event. Motion: 51% · Noise: 85% · Stress: 76%.
EVT149,TRIP015,2024-02-06 06:01:26,,,,0.0,0.142,0.05,low,none,loud_cabin,False,"unusually loud cabin noise detected. Minor event, logged for records. Motion: 0% · Noise: 14% · Stress: 5%."
EVT150,TRIP015,2024-02-06 06:05:53,,,,0.0,0.15,0.052,low,none,loud_cabin,False,"unusually loud cabin noise detected. Minor event, logged for records. Motion: 0% · Noise: 15% · Stress: 5%."
EVT151,TRIP015,2024-02-06 06:06:57,,,,0.0,0.55,0.193,low,none,none,False,"Minor event. Minor event, logged for records. Motion: 0% · Noise: 55% · Stress: 19%."
EVT152,TRIP015,2024-02-06 06:07:59,,,,0.0,0.106,0.037,low,none,loud_cabin,False,"unusually loud cabin noise detected. Minor event, logged for records. Motion: 0% · Noise: 11% · Stress: 4%."
EVT153,TRIP015,2024-02-06 06:10:28,,,,0.0,0.15,0.052,low,none,none,False,"Minor event. Minor event, logged for records. Motion: 0% · Noise: 15% · Stress: 5%."
EVT154,TRIP015,2024-02-06 06:15:54,,,,0.0,0.665,0.233,low,none,loud_cabin,False,"unusually loud cabin noise detected. Minor event, logged for records. Motion: 0% · Noise: 66% · Stress: 23%."
EVT155,TRIP015,2024-02-06 06:18:11,,,,0.0,0.55,0.193,low,none,none,False,"Minor event. Minor event, logged for records. Motion: 0% · Noise: 55% · Stress: 19%."
EVT156,TRIP015,2024-02-06 06:20:24,,,,0.0,0.85,0.297,low,none,cabin_argument,False,"an argument inside the cabin detected. Minor event, logged for records. Motion: 0% · Noise: 85% · Stress: 30%."
EVT157,TRIP015,2024-02-06 06:26:02,,,,0.0,0.55,0.193,low,none,none,False,"Minor event. Minor event, logged for records. Motion: 0% · Noise: 55% · Stress: 19%."
EVT158,TRIP016,2024-02-06 06:00:47,,,,0.0,0.15,0.052,low,none,none,False,"Minor event. Minor event, logged for records. Motion: 0% · Noise: 15% · Stress: 5%."
EVT159,TRIP016,2024-02-06 06:03:06,,,,0.0,0.15,0.052,low,none,loud_cabin,False,"unusually loud cabin noise detected. Minor event, logged for records. Motion: 0% · Noise: 15% · Stress: 5%."
EVT160,TRIP016,2024-02-06 06:08:39,15.0,19.1912,72.6492,0.376,0.85,0.65,high,sharp_turn,cabin_argument,True,a sharp turn or swerve and an argument inside the cabin both detected simultaneously. High-severity event. Motion: 38% · Noise: 85% · Stress: 65%.
EVT161,TRIP016,2024-02-06 06:09:45,,,,0.0,0.106,0.037,low,none,loud_cabin,False,"unusually loud cabin noise detected. Minor event, logged for records. Motion: 0% · Noise: 11% · Stress: 4%."
EVT162,TRIP016,2024-02-06 06:11:19,33.0,19.1708,72.6486,0.503,0.85,0.749,high,sharp_turn,cabin_argument,True,a sharp turn or swerve and an argument inside the cabin both detected simultaneously. High-severity event. Motion: 50% · Noise: 85% · Stress: 75%.
EVT163,TRIP016,2024-02-06 06:11:54,,,,0.0,0.85,0.297,low,none,cabin_argument,False,"an argument inside the cabin detected. Minor event, logged for records. Motion: 0% · Noise: 85% · Stress: 30%."
EVT164,TRIP016,2024-02-06 06:17:54,18.0,12.849,77.5283,0.421,0.85,0.685,high,sharp_turn,cabin_argument,True,a sharp turn or swerve and an argument inside the cabin both detected simultaneously. High-severity event. Motion: 42% · Noise: 85% · Stress: 68%.
EVT165,TRIP016,2024-02-06 06:22:12,,,,0.0,0.025,0.009,low,none,none,False,"Minor event. Minor event, logged for records. Motion: 0% · Noise: 2% · Stress: 1%."
EVT166,TRIP016,2024-02-06 06:23:37,,,,0.0,0.094,0.033,low,none,elevated_noise,False,"elevated cabin noise detected. Minor event, logged for records. Motion: 0% · Noise: 9% · Stress: 3%."
EVT167,TRIP016,2024-02-06 06:24:11,,,,0.0,0.112,0.039,low,none,loud_cabin,False,"unusually loud cabin noise detected. Minor event, logged for records. Motion: 0% · Noise: 11% · Stress: 4%."
EVT168,TRIP016,2024-02-06 06:27:50,,,,0.0,0.025,0.009,low,none,none,False,"Minor event. Minor event, logged for records. Motion: 0% · Noise: 2% · Stress: 1%."
EVT169,TRIP017,2024-02-06 06:07:34,26.0,19.199,72.6137,0.489,0.85,0.738,high,sharp_turn,cabin_argument,True,a sharp turn or swerve and an argument inside the cabin both detected simultaneously. High-severity event. Motion: 49% · Noise: 85% · Stress: 74%.
EVT170,TRIP017,2024-02-06 06:09:52,,,,0.0,0.85,0.297,low,none,cabin_argument,False,"an argument inside the cabin detected. Minor event, logged for records. Motion: 0% · Noise: 85% · Stress: 30%."
EVT171,TRIP017,2024-02-06 06:12:31,,,,0.0,0.058,0.02,low,none,elevated_noise,False,"elevated cabin noise detected. Minor event, logged for records. Motion: 0% · Noise: 6% · Stress: 2%."
EVT172,TRIP017,2024-02-06 06:13:12,,,,0.0,0.109,0.038,low,none,loud_cabin,False,"unusually loud cabin noise detected. Minor event, logged for records. Motion: 0% · Noise: 11% · Stress: 4%."
EVT173,TRIP017,2024-02-06 06:14:01,,,,0.0,0.55,0.193,low,none,elevated_noise,False,"elevated cabin noise detected. Minor event, logged for records. Motion: 0% · Noise: 55% · Stress: 19%."
EVT174,TRIP017,2024-02-06 06:14:10,,,,0.0,0.55,0.193,low,none,elevated_noise,False,"elevated cabin noise detected. Minor event, logged for records. Motion: 0% · Noise: 55% · Stress: 19%."
EVT175,TRIP017,2024-02-06 06:15:05,59.0,12.8449,77.5092,0.362,0.85,0.639,medium,sharp_turn,cabin_argument,True,a sharp turn or swerve and an argument inside the cabin both detected simultaneously. Moderate event. Motion: 36% · Noise: 85% · Stress: 64%.
EVT176,TRIP017,2024-02-06 06:15:14,,,,0.0,0.85,0.297,low,none,cabin_argument,False,"an argument inside the cabin detected. Minor event, logged for records. Motion: 0% · Noise: 85% · Stress: 30%."
EVT177,TRIP017,2024-02-06 06:15:56,,,,0.0,0.094,0.033,low,none,elevated_noise,False,"elevated cabin noise detected. Minor event, logged for records. Motion: 0% · Noise: 9% · Stress: 3%."
EVT178,TRIP018,2024-02-06 06:05:23,,,,0.0,0.85,0.297,low,none,cabin_argument,False,"an argument inside the cabin detected. Minor event, logged for records. Motion: 0% · Noise: 85% · Stress: 30%."
EVT179,TRIP018,2024-02-06 06:07:42,19.0,12.8443,77.5209,0.376,0.85,0.65,high,sharp_turn,cabin_argument,True,a sharp turn or swerve and an argument inside the cabin both detected simultaneously. High-severity event. Motion: 38% · Noise: 85% · Stress: 65%.
EVT180,TRIP018,2024-02-06 06:07:43,52.0,12.8246,77.5004,0.75,0.85,0.942,high,sharp_turn,cabin_argument,True,a sharp turn or swerve and an argument inside the cabin both detected simultaneously. High-severity event. Motion: 75% · Noise: 85% · Stress: 94%.
EVT181,TRIP018,2024-02-06 06:11:05,,,,0.0,0.15,0.052,low,none,loud_cabin,False,"unusually loud cabin noise detected. Minor event, logged for records. Motion: 0% · Noise: 15% · Stress: 5%."
EVT182,TRIP018,2024-02-06 06:14:26,44.0,19.1764,72.6449,0.557,0.85,0.791,high,sharp_turn,cabin_argument,True,a sharp turn or swerve and an argument inside the cabin both detected simultaneously. High-severity event. Motion: 56% · Noise: 85% · Stress: 79%.
EVT183,TRIP018,2024-02-06 06:14:44,14.0,12.8375,77.5132,0.389,0.85,0.66,high,sharp_turn,cabin_argument,True,a sharp turn or swerve and an argument inside the cabin both detected simultaneously. High-severity event. Motion: 39% · Noise: 85% · Stress: 66%.
EVT184,TRIP018,2024-02-06 06:15:46,,,,0.0,0.133,0.047,low,none,loud_cabin,False,"unusually loud cabin noise detected. Minor event, logged for records. Motion: 0% · Noise: 13% · Stress: 5%."
EVT185,TRIP018,2024-02-06 06:18:30,,,,0.0,0.025,0.009,low,none,none,False,"Minor event. Minor event, logged for records. Motion: 0% · Noise: 2% · Stress: 1%."
EVT186,TRIP018,2024-02-06 06:19:32,,,,0.0,0.15,0.052,low,none,elevated_noise,False,"elevated cabin noise detected. Minor event, logged for records. Motion: 0% · Noise: 15% · Stress: 5%."
EVT187,TRIP019,2024-02-06 06:02:29,,,,0.0,0.15,0.052,low,none,none,False,"Minor event. Minor event, logged for records. Motion: 0% · Noise: 15% · Stress: 5%."
EVT188,TRIP019,2024-02-06 06:06:58,8.0,28.6582,77.2627,0.321,0.85,0.607,medium,sharp_turn,cabin_argument,True,a sharp turn or swerve and an argument inside the cabin both detected simultaneously. Moderate event. Motion: 32% · Noise: 85% · Stress: 61%.
EVT189,TRIP019,2024-02-06 06:10:30,,,,0.0,0.85,0.297,low,none,cabin_argument,False,"an argument inside the cabin detected. Minor event, logged for records. Motion: 0% · Noise: 85% · Stress: 30%."
EVT190,TRIP019,2024-02-06 06:11:28,,,,0.0,0.55,0.193,low,none,loud_cabin,False,"unusually loud cabin noise detected. Minor event, logged for records. Motion: 0% · Noise: 55% · Stress: 19%."
EVT191,TRIP020,2024-02-06 06:12:26,18.0,19.1946,72.6118,0.332,0.85,0.616,medium,sharp_turn,cabin_argument,True,a sharp turn or swerve and an argument inside the cabin both detected simultaneously. Moderate event. Motion: 33% · Noise: 85% · Stress: 62%.
EVT192,TRIP020,2024-02-06 06:14:50,,,,0.0,0.85,0.297,low,none,cabin_argument,False,"an argument inside the cabin detected. Minor event, logged for records. Motion: 0% · Noise: 85% · Stress: 30%."
EVT193,TRIP020,2024-02-06 06:20:47,11.0,28.6643,77.2476,0.523,0.85,0.765,high,sharp_turn,cabin_argument,True,a sharp turn or swerve and an argument inside the cabin both detected simultaneously. High-severity event. Motion: 52% · Noise: 85% · Stress: 76%.
EVT194,TRIP020,2024-02-06 06:21:48,,,,0.0,0.15,0.052,low,none,none,False,"Minor event. Minor event, logged for records. Motion: 0% · Noise: 15% · Stress: 5%."
EVT195,TRIP021,2024-02-06 06:05:56,,,,0.0,0.55,0.193,low,none,elevated_noise,False,"elevated cabin noise detected. Minor event, logged for records. Motion: 0% · Noise: 55% · Stress: 19%."
EVT196,TRIP021,2024-02-06 06:07:11,,,,0.0,0.15,0.052,low,none,loud_cabin,False,"unusually loud cabin noise detected. Minor event, logged for records. Motion: 0% · Noise: 15% · Stress: 5%."
EVT197,TRIP021,2024-02-06 06:10:18,,,,0.0,0.088,0.031,low,none,elevated_noise,False,"elevated cabin noise detected. Minor event, logged for records. Motion: 0% · Noise: 9% · Stress: 3%."
EVT198,TRIP021,2024-02-06 06:15:46,35.0,19.1871,72.6198,0.358,0.85,0.636,medium,sharp_turn,cabin_argument,True,a sharp turn or swerve and an argument inside the cabin both detected simultaneously. Moderate event. Motion: 36% · Noise: 85% · Stress: 64%.
EVT199,TRIP021,2024-02-06 06:17:22,30.0,19.1857,72.6387,0.35,0.85,0.63,medium,sharp_turn,cabin_argument,True,a sharp turn or swerve and an argument inside the cabin both detected simultaneously. Moderate event. Motion: 35% · Noise: 85% · Stress: 63%.
EVT200,TRIP021,2024-02-06 06:18:32,,,,0.0,0.15,0.052,low,none,loud_cabin,False,"unusually loud cabin noise detected. Minor event, logged for records. Motion: 0% · Noise: 15% · Stress: 5%."
EVT201,TRIP021,2024-02-06 06:22:52,38.0,12.8265,77.5035,0.318,0.85,0.605,medium,sharp_turn,cabin_argument,True,a sharp turn or swerve and an argument inside the cabin both detected simultaneously. Moderate event. Motion: 32% · Noise: 85% · Stress: 60%.
EVT202,TRIP021,2024-02-06 06:25:43,13.0,28.6707,77.2641,0.41,0.85,0.677,high,sharp_turn,cabin_argument,True,a sharp turn or swerve and an argument inside the cabin both detected simultaneously. High-severity event. Motion: 41% · Noise: 85% · Stress: 68%.
EVT203,TRIP021,2024-02-06 06:26:43,,,,0.0,0.575,0.201,low,none,loud_cabin,False,"unusually loud cabin noise detected. Minor event, logged for records. Motion: 0% · Noise: 57% · Stress: 20%."
EVT204,TRIP022,2024-02-06 06:11:51,,,,0.0,0.139,0.049,low,none,loud_cabin,False,"unusually loud cabin noise detected. Minor event, logged for records. Motion: 0% · Noise: 14% · Stress: 5%."
EVT205,TRIP022,2024-02-06 06:15:21,,,,0.0,0.046,0.016,low,none,elevated_noise,False,"elevated cabin noise detected. Minor event, logged for records. Motion: 0% · Noise: 5% · Stress: 2%."
EVT206,TRIP022,2024-02-06 06:17:09,,,,0.0,0.139,0.049,low,none,loud_cabin,False,"unusually loud cabin noise detected. Minor event, logged for records. Motion: 0% · Noise: 14% · Stress: 5%."
EVT207,TRIP022,2024-02-06 06:21:18,,,,0.0,0.71,0.248,low,none,loud_cabin,False,"unusually loud cabin noise detected. Minor event, logged for records. Motion: 0% · Noise: 71% · Stress: 25%."
EVT208,TRIP022,2024-02-06 06:21:20,7.0,19.2027,72.6415,0.371,0.85,0.646,medium,sharp_turn,cabin_argument,True,a sharp turn or swerve and an argument inside the cabin both detected simultaneously. Moderate event. Motion: 37% · Noise: 85% · Stress: 65%.
EVT209,TRIP022,2024-02-06 06:21:25,37.0,28.6708,77.2505,0.321,0.85,0.607,medium,sharp_turn,cabin_argument,True,a sharp turn or swerve and an argument inside the cabin both detected simultaneously. Moderate event. Motion: 32% · Noise: 85% · Stress: 61%.
EVT210,TRIP022,2024-02-06 06:23:23,32.0,28.6705,77.2549,0.425,0.85,0.688,high,sharp_turn,cabin_argument,True,a sharp turn or swerve and an argument inside the cabin both detected simultaneously. High-severity event. Motion: 42% · Noise: 85% · Stress: 69%.
EVT211,TRIP022,2024-02-06 06:25:39,36.0,28.6493,77.238,0.44,0.85,0.7,high,sharp_turn,cabin_argument,True,a sharp turn or swerve and an argument inside the cabin both detected simultaneously. High-severity event. Motion: 44% · Noise: 85% · Stress: 70%.
EVT212,TRIP022,2024-02-06 06:25:45,,,,0.0,0.118,0.041,low,none,loud_cabin,False,"unusually loud cabin noise detected. Minor event, logged for records. Motion: 0% · Noise: 12% · Stress: 4%."
EVT213,TRIP022,2024-02-06 06:25:46,32.0,28.6768,77.2492,0.474,0.85,0.727,high,sharp_turn,cabin_argument,True,a sharp turn or swerve and an argument inside the cabin both detected simultaneously. High-severity event. Motion: 47% · Noise: 85% · Stress: 73%.
EVT214,TRIP022,2024-02-06 06:26:06,48.0,28.6608,77.2262,0.315,0.85,0.603,medium,sharp_turn,cabin_argument,True,a sharp turn or swerve and an argument inside the cabin both detected simultaneously. Moderate event. Motion: 32% · Noise: 85% · Stress: 60%.
EVT215,TRIP022,2024-02-06 06:26:21,,,,0.0,0.85,0.297,low,none,cabin_argument,False,"an argument inside the cabin detected. Minor event, logged for records. Motion: 0% · Noise: 85% · Stress: 30%."
EVT216,TRIP022,2024-02-06 06:28:52,0.0,28.6643,77.2412,0.393,0.85,0.664,high,sharp_turn,cabin_argument,True,a sharp turn or swerve and an argument inside the cabin both detected simultaneously. High-severity event. Motion: 39% · Noise: 85% · Stress: 66%.
EVT217,TRIP023,2024-02-06 06:03:30,28.0,19.1913,72.6401,0.451,0.85,0.709,high,sharp_turn,cabin_argument,True,a sharp turn or swerve and an argument inside the cabin both detected simultaneously. High-severity event. Motion: 45% · Noise: 85% · Stress: 71%.
EVT218,TRIP023,2024-02-06 06:04:00,,,,0.0,0.124,0.043,low,none,loud_cabin,False,"unusually loud cabin noise detected. Minor event, logged for records. Motion: 0% · Noise: 12% · Stress: 4%."
EVT219,TRIP023,2024-02-06 06:04:42,,,,0.0,0.103,0.036,low,none,loud_cabin,False,"unusually loud cabin noise detected. Minor event, logged for records. Motion: 0% · Noise: 10% · Stress: 4%."
EVT220,TRIP023,2024-02-06 06:06:21,,,,0.0,0.85,0.297,low,none,cabin_argument,False,"an argument inside the cabin detected. Minor event, logged for records. Motion: 0% · Noise: 85% · Stress: 30%."
EVT221,TRIP023,2024-02-06 06:08:03,,,,0.0,0.85,0.297,low,none,cabin_argument,False,"an argument inside the cabin detected. Minor event, logged for records. Motion: 0% · Noise: 85% · Stress: 30%."
EVT222,TRIP023,2024-02-06 06:18:22,12.0,12.8201,77.5263,0.446,0.85,0.705,high,sharp_turn,cabin_argument,True,a sharp turn or swerve and an argument inside the cabin both detected simultaneously. High-severity event. Motion: 45% · Noise: 85% · Stress: 70%.
EVT223,TRIP023,2024-02-06 06:18:44,,,,0.0,0.55,0.193,low,none,elevated_noise,False,"elevated cabin noise detected. Minor event, logged for records. Motion: 0% · Noise: 55% · Stress: 19%."
EVT224,TRIP023,2024-02-06 06:24:03,,,,0.0,0.094,0.033,low,none,elevated_noise,False,"elevated cabin noise detected. Minor event, logged for records. Motion: 0% · Noise: 9% · Stress: 3%."
EVT225,TRIP024,2024-02-06 06:00:44,,,,0.0,0.058,0.02,low,none,elevated_noise,False,"elevated cabin noise detected. Minor event, logged for records. Motion: 0% · Noise: 6% · Stress: 2%."
EVT226,TRIP024,2024-02-06 06:01:45,,,,0.0,0.15,0.052,low,none,loud_cabin,False,"unusually loud cabin noise detected. Minor event, logged for records. Motion: 0% · Noise: 15% · Stress: 5%."
EVT227,TRIP024,2024-02-06 06:15:59,32.0,28.6741,77.2429,0.392,0.85,0.663,high,sharp_turn,cabin_argument,True,a sharp turn or swerve and an argument inside the cabin both detected simultaneously. High-severity event. Motion: 39% · Noise: 85% · Stress: 66%.
EVT228,TRIP024,2024-02-06 06:20:40,,,,0.0,0.15,0.052,low,none,elevated_noise,False,"elevated cabin noise detected. Minor event, logged for records. Motion: 0% · Noise: 15% · Stress: 5%."
EVT229,TRIP024,2024-02-06 06:25:05,21.0,28.6624,77.2562,0.359,0.85,0.637,medium,sharp_turn,cabin_argument,True,a sharp turn or swerve and an argument inside the cabin both detected simultaneously. Moderate event. Motion: 36% · Noise: 85% · Stress: 64%.
EVT230,TRIP024,2024-02-06 06:25:20,53.0,28.6751,77.2421,0.448,0.85,0.706,high,sharp_turn,cabin_argument,True,a sharp turn or swerve and an argument inside the cabin both detected simultaneously. High-severity event. Motion: 45% · Noise: 85% · Stress: 71%.
EVT231,TRIP024,2024-02-06 06:27:35,52.0,28.6759,77.2361,0.514,0.85,0.758,high,sharp_turn,cabin_argument,True,a sharp turn or swerve and an argument inside the cabin both detected simultaneously. High-severity event. Motion: 51% · Noise: 85% · Stress: 76%.
EVT232,TRIP024,2024-02-06 06:29:22,,,,0.0,0.15,0.052,low,none,elevated_noise,False,"elevated cabin noise detected. Minor event, logged for records. Motion: 0% · Noise: 15% · Stress: 5%."
EVT233,TRIP025,2024-02-06 06:04:55,,,,0.0,0.55,0.193,low,none,none,False,"Minor event. Minor event, logged for records. Motion: 0% · Noise: 55% · Stress: 19%."
EVT234,TRIP025,2024-02-06 06:09:07,37.0,12.8336,77.5208,0.4,0.85,0.669,high,sharp_turn,cabin_argument,True,a sharp turn or swerve and an argument inside the cabin both detected simultaneously. High-severity event. Motion: 40% · Noise: 85% · Stress: 67%.
EVT235,TRIP025,2024-02-06 06:09:40,19.0,28.6418,77.2425,0.373,0.85,0.648,medium,sharp_turn,cabin_argument,True,a sharp turn or swerve and an argument inside the cabin both detected simultaneously. Moderate event. Motion: 37% · Noise: 85% · Stress: 65%.
EVT236,TRIP025,2024-02-06 06:13:45,,,,0.0,0.046,0.016,low,none,elevated_noise,False,"elevated cabin noise detected. Minor event, logged for records. Motion: 0% · Noise: 5% · Stress: 2%."
EVT237,TRIP025,2024-02-06 06:18:06,46.0,19.1688,72.6353,0.371,0.85,0.646,medium,sharp_turn,cabin_argument,True,a sharp turn or swerve and an argument inside the cabin both detected simultaneously. Moderate event. Motion: 37% · Noise: 85% · Stress: 65%.
EVT238,TRIP025,2024-02-06 06:21:53,,,,0.0,0.85,0.297,low,none,cabin_argument,False,"an argument inside the cabin detected. Minor event, logged for records. Motion: 0% · Noise: 85% · Stress: 30%."
EVT239,TRIP025,2024-02-06 06:22:01,,,,0.0,0.046,0.016,low,none,elevated_noise,False,"elevated cabin noise detected. Minor event, logged for records. Motion: 0% · Noise: 5% · Stress: 2%."
EVT240,TRIP025,2024-02-06 06:28:42,,,,0.0,0.052,0.018,low,none,elevated_noise,False,"elevated cabin noise detected. Minor event, logged for records. Motion: 0% · Noise: 5% · Stress: 2%."
EVT241,TRIP026,2024-02-06 06:01:53,,,,0.0,0.082,0.029,low,none,elevated_noise,False,"elevated cabin noise detected. Minor event, logged for records. Motion: 0% · Noise: 8% · Stress: 3%."
EVT242,TRIP026,2024-02-06 06:02:49,,,,0.0,0.15,0.052,low,none,loud_cabin,False,"unusually loud cabin noise detected. Minor event, logged for records. Motion: 0% · Noise: 15% · Stress: 5%."
EVT243,TRIP026,2024-02-06 06:08:30,29.0,28.658,77.2273,0.443,0.85,0.703,high,sharp_turn,cabin_argument,True,a sharp turn or swerve and an argument inside the cabin both detected simultaneously. High-severity event. Motion: 44% · Noise: 85% · Stress: 70%.
EVT244,TRIP026,2024-02-06 06:10:04,,,,0.0,0.85,0.297,low,none,cabin_argument,False,"an argument inside the cabin detected. Minor event, logged for records. Motion: 0% · Noise: 85% · Stress: 30%."
EVT245,TRIP026,2024-02-06 06:11:34,,,,0.0,0.109,0.038,low,none,loud_cabin,False,"unusually loud cabin noise detected. Minor event, logged for records. Motion: 0% · Noise: 11% · Stress: 4%."
EVT246,TRIP026,2024-02-06 06:16:10,,,,0.0,0.15,0.052,low,none,loud_cabin,False,"unusually loud cabin noise detected. Minor event, logged for records. Motion: 0% · Noise: 15% · Stress: 5%."
EVT247,TRIP026,2024-02-06 06:16:51,,,,0.0,0.025,0.009,low,none,none,False,"Minor event. Minor event, logged for records. Motion: 0% · Noise: 2% · Stress: 1%."
EVT248,TRIP026,2024-02-06 06:17:35,60.0,28.6441,77.2287,0.367,0.85,0.643,medium,sharp_turn,cabin_argument,True,a sharp turn or swerve and an argument inside the cabin both detected simultaneously. Moderate event. Motion: 37% · Noise: 85% · Stress: 64%.
EVT249,TRIP026,2024-02-06 06:18:49,,,,0.0,0.55,0.193,low,none,none,False,"Minor event. Minor event, logged for records. Motion: 0% · Noise: 55% · Stress: 19%."
EVT250,TRIP026,2024-02-06 06:23:39,,,,0.0,0.55,0.193,low,none,none,False,"Minor event. Minor event, logged for records. Motion: 0% · Noise: 55% · Stress: 19%."
EVT251,TRIP026,2024-02-06 06:23:56,12.0,12.8336,77.5245,0.467,0.85,0.721,high,sharp_turn,cabin_argument,True,a sharp turn or swerve and an argument inside the cabin both detected simultaneously. High-severity event. Motion: 47% · Noise: 85% · Stress: 72%.
EVT252,TRIP026,2024-02-06 06:27:33,,,,0.0,0.15,0.052,low,none,loud_cabin,False,"unusually loud cabin noise detected. Minor event, logged for records. Motion: 0% · Noise: 15% · Stress: 5%."
EVT253,TRIP027,2024-02-06 06:00:06,,,,0.0,0.145,0.051,low,none,loud_cabin,False,"unusually loud cabin noise detected. Minor event, logged for records. Motion: 0% · Noise: 14% · Stress: 5%."
EVT254,TRIP027,2024-02-06 06:07:27,,,,0.0,0.148,0.052,low,none,loud_cabin,False,"unusually loud cabin noise detected. Minor event, logged for records. Motion: 0% · Noise: 15% · Stress: 5%."
EVT255,TRIP027,2024-02-06 06:10:17,36.0,28.647,77.2532,0.451,0.85,0.709,high,sharp_turn,cabin_argument,True,a sharp turn or swerve and an argument inside the cabin both detected simultaneously. High-severity event. Motion: 45% · Noise: 85% · Stress: 71%.
EVT256,TRIP027,2024-02-06 06:14:35,,,,0.0,0.1,0.035,low,none,loud_cabin,False,"unusually loud cabin noise detected. Minor event, logged for records. Motion: 0% · Noise: 10% · Stress: 4%."
EVT257,TRIP027,2024-02-06 06:15:51,8.0,28.6443,77.2565,0.487,0.85,0.737,high,sharp_turn,cabin_argument,True,a sharp turn or swerve and an argument inside the cabin both detected simultaneously. High-severity event. Motion: 49% · Noise: 85% · Stress: 74%.
EVT258,TRIP027,2024-02-06 06:18:23,,,,0.0,0.55,0.193,low,none,none,False,"Minor event. Minor event, logged for records. Motion: 0% · Noise: 55% · Stress: 19%."
EVT259,TRIP027,2024-02-06 06:18:41,,,,0.0,0.1,0.035,low,none,loud_cabin,False,"unusually loud cabin noise detected. Minor event, logged for records. Motion: 0% · Noise: 10% · Stress: 4%."
EVT260,TRIP027,2024-02-06 06:21:16,,,,0.0,0.665,0.233,low,none,loud_cabin,False,"unusually loud cabin noise detected. Minor event, logged for records. Motion: 0% · Noise: 66% · Stress: 23%."
EVT261,TRIP028,2024-02-06 06:02:44,55.0,28.6436,77.2638,0.406,0.85,0.674,high,sharp_turn,cabin_argument,True,a sharp turn or swerve and an argument inside the cabin both detected simultaneously. High-severity event. Motion: 41% · Noise: 85% · Stress: 67%.
EVT262,TRIP028,2024-02-06 06:03:40,,,,0.0,0.07,0.025,low,none,elevated_noise,False,"elevated cabin noise detected. Minor event, logged for records. Motion: 0% · Noise: 7% · Stress: 2%."
EVT263,TRIP028,2024-02-06 06:05:22,,,,0.0,0.85,0.297,low,none,cabin_argument,False,"an argument inside the cabin detected. Minor event, logged for records. Motion: 0% · Noise: 85% · Stress: 30%."
EVT264,TRIP028,2024-02-06 06:18:35,17.0,12.824,77.5167,0.474,0.85,0.727,high,sharp_turn,cabin_argument,True,a sharp turn or swerve and an argument inside the cabin both detected simultaneously. High-severity event. Motion: 47% · Noise: 85% · Stress: 73%.
EVT265,TRIP028,2024-02-06 06:28:57,,,,0.0,0.85,0.297,low,none,cabin_argument,False,"an argument inside the cabin detected. Minor event, logged for records. Motion: 0% · Noise: 85% · Stress: 30%."
EVT266,TRIP029,2024-02-06 06:04:34,,,,0.0,0.15,0.052,low,none,loud_cabin,False,"unusually loud cabin noise detected. Minor event, logged for records. Motion: 0% · Noise: 15% · Stress: 5%."
EVT267,TRIP029,2024-02-06 06:09:01,,,,0.0,0.142,0.05,low,none,loud_cabin,False,"unusually loud cabin noise detected. Minor event, logged for records. Motion: 0% · Noise: 14% · Stress: 5%."
EVT268,TRIP029,2024-02-06 06:13:04,26.0,28.6405,77.2314,0.392,0.85,0.663,high,sharp_turn,cabin_argument,True,a sharp turn or swerve and an argument inside the cabin both detected simultaneously. High-severity event. Motion: 39% · Noise: 85% · Stress: 66%.
EVT269,TRIP029,2024-02-06 06:13:39,,,,0.0,0.15,0.052,low,none,loud_cabin,False,"unusually loud cabin noise detected. Minor event, logged for records. Motion: 0% · Noise: 15% · Stress: 5%."
EVT270,TRIP029,2024-02-06 06:21:24,,,,0.0,0.106,0.037,low,none,loud_cabin,False,"unusually loud cabin noise detected. Minor event, logged for records. Motion: 0% · Noise: 11% · Stress: 4%."
EVT271,TRIP030,2024-02-06 06:01:14,,,,0.0,0.15,0.052,low,none,elevated_noise,False,"elevated cabin noise detected. Minor event, logged for records. Motion: 0% · Noise: 15% · Stress: 5%."
EVT272,TRIP030,2024-02-06 06:02:21,,,,0.0,0.088,0.031,low,none,elevated_noise,False,"elevated cabin noise detected. Minor event, logged for records. Motion: 0% · Noise: 9% · Stress: 3%."
EVT273,TRIP030,2024-02-06 06:05:58,,,,0.0,0.064,0.022,low,none,elevated_noise,False,"elevated cabin noise detected. Minor event, logged for records. Motion: 0% · Noise: 6% · Stress: 2%."
EVT274,TRIP030,2024-02-06 06:08:28,,,,0.0,0.025,0.009,low,none,none,False,"Minor event. Minor event, logged for records. Motion: 0% · Noise: 2% · Stress: 1%."
EVT275,TRIP030,2024-02-06 06:11:01,4.0,28.663,77.2648,0.459,0.85,0.715,high,sharp_turn,cabin_argument,True,a sharp turn or swerve and an argument inside the cabin both detected simultaneously. High-severity event. Motion: 46% · Noise: 85% · Stress: 72%.
EVT276,TRIP030,2024-02-06 06:11:26,,,,0.0,0.15,0.052,low,none,none,False,"Minor event. Minor event, logged for records. Motion: 0% · Noise: 15% · Stress: 5%."
EVT277,TRIP030,2024-02-06 06:19:43,,,,0.0,0.142,0.05,low,none,loud_cabin,False,"unusually loud cabin noise detected. Minor event, logged for records. Motion: 0% · Noise: 14% · Stress: 5%."
EVT278,TRIP030,2024-02-06 06:26:14,,,,0.0,0.85,0.297,low,none,cabin_argument,False,"an argument inside the cabin detected. Minor event, logged for records. Motion: 0% · Noise: 85% · Stress: 30%."
EVT279,TRIP030,2024-02-06 06:27:12,,,,0.0,0.103,0.036,low,none,loud_cabin,False,"unusually loud cabin noise detected. Minor event, logged for records. Motion: 0% · Noise: 10% · Stress: 4%."
EVT280,TRIP030,2024-02-06 06:29:43,16.0,12.8206,77.4951,0.307,0.85,0.596,medium,sharp_turn,cabin_argument,True,a sharp turn or swerve and an argument inside the cabin both detected simultaneously. Moderate event. Motion: 31% · Noise: 85% · Stress: 60%.
